,DEF,NRAM,FA10,FAK1,AOFB,RENI,IGF1R,GRIA2,TGFR1,MCR,CDK2,FKB1A,ABL1,PYRD,GLCM,XIAP,VGFR2,BACE1,TRY1,THRB,SAHH,TRYB1,FPPS,MK14,PPARG,CASP3,UROK,ADRB2,ANDR,ADRB1,KIF11,THB,HDAC8,ROCK1,MK01,HIVRT,HMDH,PYGM,AKT1,HS90A,AKT2,RXRA,ACES,MK10,MP2K1,FABP4,CSF1R,FA7,DPP4,JAK2,ADA,FNTA,BRAF,PPARD,ESR1,WEE1,CAH2,PTN1,PNPH,AMPC,ADA17,ESR2,LKHA4,HDAC2,KIT,MAPK2,AA2AR,MET,EGFR,CP2C9,LCK,PLK1,MMP13,PDE5A,PA2GA,GRIK1,HIVPR,GCR,ACE,KITH,PARP1,HXK4,PPARA,PRGR,HIVINT,TYSY,PGH1,ITAL,DYR,PUR2,PGH2,SRC
DEF,4.316374,0.0,0.0,0.0,0.0,-0.954688,0.0,-2.364564,-0.049085,0.0,-1.93088,0.0,0.0,0.0,0.0,0.0,-0.201361,-1.877153,0.0,0.0,-3.260166,0.0,0.0,0.10356,0.0,0.0,0.0,-1.521607,0.0,0.0,0.0,-3.462352,0.0,0.0,0.0,0.0,-1.649907,0.724607,0.0,-0.13681,0.0,0.0,-1.390456,0.101281,-1.648132,0.078932,0.0,0.0,0.0,-2.740515,0.265268,-2.099316,0.0,-0.859209,0.0,-0.966721,0.899643,0.0,-1.030694,0.0,0.989094,-0.177476,-1.141658,0.0,-0.040496,0.0,-3.026731,0.0,0.0,0.019921,0.0,-2.05011,0.212,-2.400033,1.076993,0.0,-2.043139,0.140994,0.667571,0.068017,-0.557193,0.0,0.0,-0.793648,0.0,0.0,0.0,0.0,0.0,-0.7896,0.0,0.0
NRAM,0.0,6.031142,0.0,0.873196,-1.031054,0.0,-1.390986,-1.019289,-0.572043,-1.118668,-3.422983,0.0,0.0,-1.783091,0.0,0.0,-3.792434,0.0,-1.335232,-3.306651,-0.438686,-2.128469,-1.953175,0.0,0.0,0.0,0.0,-1.633035,0.0,-0.93602,0.0,-1.525938,0.0,-2.096306,0.0,0.0,-1.111371,0.0,-2.09043,-1.523926,0.208378,-1.449576,0.0,-1.424841,-1.454773,-1.401403,-0.5221,0.0,-3.039289,0.0,-0.7633,0.0,-1.622894,0.0,-0.617024,-1.356137,0.0,0.0,0.0,0.0,0.0,0.0,0.0,-1.470501,-3.971262,-1.50866,0.0,0.0,-1.154042,0.608667,-1.700709,-1.704936,0.0,-2.779687,-0.568256,-1.500748,-2.884932,-2.401232,0.0,-2.15142,-0.420681,-2.51427,-2.985216,0.0,0.0,-1.265209,0.0,-1.167501,-1.574016,-1.230185,0.0,-2.014369
FA10,0.0,0.0,14.269344,0.0,0.0,0.0,-1.453107,0.0,0.0,0.0,0.0,0.0,0.0,-0.070678,-1.577327,-0.713206,-2.560333,0.0,3.379857,3.521433,-2.22978,2.721866,0.0,0.0,0.0,0.0,3.554234,0.0,0.0,-3.456324,0.0,0.0,0.0,0.0,0.0,-1.857924,-3.455163,0.0,0.0,0.0,0.0,0.0,0.0,0.0,0.0,0.0,0.0,2.664361,0.0,0.0,0.0,0.0,0.0,-1.951601,0.0,0.0,0.0,0.0,0.0,0.0,0.0,0.0,-2.432549,0.0,0.0,0.0,0.0,0.0,0.0,0.0,0.0,-3.471566,0.0,0.0,0.0,0.0,0.0,-2.092085,0.0,0.0,0.0,-0.622163,-1.371437,0.0,0.0,-0.232255,0.0,0.0,0.0,0.0,0.0,0.0
FAK1,0.0,0.873196,0.0,14.305997,0.0,0.0,3.831784,0.0,2.029205,-1.201189,2.76031,-0.853638,3.284526,0.0,0.0,0.0,3.063152,0.0,0.0,0.0,0.0,0.0,0.0,2.270159,0.430879,0.0,0.0,0.0,0.0,0.0,0.0,-3.100738,-2.660128,0.0,2.351709,-2.553028,0.0,0.0,1.777893,0.0,2.132677,-2.811891,0.0,2.330333,-0.096375,-0.802818,3.512341,0.0,0.0,3.226355,0.0,-2.429787,1.81797,-1.13766,0.0,2.115609,0.0,0.0,0.0,0.0,0.0,0.0,0.0,-2.591006,3.491091,-1.963122,0.0,3.36947,3.390842,0.0,3.545225,3.355306,0.0,0.0,0.0,0.0,0.0,0.0,-2.839806,0.0,0.0,0.0,0.0,-1.288154,0.0,-1.94787,-2.008934,0.0,0.0,0.0,0.0,2.07612
AOFB,0.0,-1.031054,0.0,0.0,6.47415,0.0,0.0,-3.259845,0.0,0.0,-3.743441,-1.339715,0.0,0.0,-0.533009,0.0,0.0,0.0,0.0,0.0,-2.517571,-2.514678,0.351262,0.427519,-2.114157,0.0,0.0,0.0,-1.15409,0.0,0.0,0.0,0.0,0.0,0.0,0.0,0.0,0.0,0.0,-1.430587,-1.691137,0.0,0.0,0.0,0.0,0.0,-3.864503,0.0,0.0,0.0,0.0,-1.45529,0.0,-1.715229,-2.014956,0.0,0.0,0.0,0.0,-0.967926,0.0,0.0,-2.667334,0.0,0.0,-2.201899,0.0,-0.960948,0.0,-2.137355,0.0,0.0,0.0,0.0,0.0,0.0,0.0,0.0,0.0,0.0,0.0,0.0,-1.627259,0.0,0.0,0.0,-4.427468,0.0,0.0,0.0,0.0,0.0
RENI,0.0,0.0,0.0,0.0,0.0,14.381897,0.0,-0.726028,0.422697,-1.663352,0.0,-3.430601,0.0,-0.91926,0.0,-2.03073,0.0,3.27446,0.0,-0.608287,-2.981059,0.0,0.0,-1.808761,0.0,0.0,0.0,-1.605851,-0.671784,-2.093721,-2.020924,-2.108691,0.0,0.0,-2.272707,0.0,0.0,0.0,-1.882351,-1.8863,-4.042408,0.0,0.0,-1.537149,-3.62921,-0.183257,-0.018104,0.0,0.0,0.0,0.0,-1.679974,-0.780775,-0.081551,-2.047629,0.0,-1.277157,0.0,0.0,0.0,-2.198686,-2.45889,0.0,0.275204,-0.262908,-1.745138,-2.577845,0.0,0.0,-2.28046,0.641402,0.0,0.0,0.0,-2.111325,0.972107,1.978876,-0.106583,-2.281555,-3.123861,0.0,0.0,-1.756316,0.01602,-0.871226,0.0,-1.654653,-1.400969,-2.311455,-3.890554,-2.020801,0.323564
IGF1R,0.0,-2.677158,-1.453107,3.819791,0.0,0.0,6.084861,-1.66023,1.181096,-3.053672,2.662657,0.0,3.682191,-0.481268,-1.919243,0.0,3.652633,0.0,0.0,0.0,-1.270921,0.0,-1.746828,1.999044,1.090281,0.0,0.0,0.0,-1.01047,0.0,0.0,0.0,0.0,-2.906761,2.466743,0.0,0.0,0.0,1.675265,-3.108145,1.690967,0.0,0.0,2.751531,2.787151,-1.198394,3.613,0.0,0.0,3.389194,-0.303604,0.29462,1.508178,-3.678716,-1.014232,2.244821,0.0,0.0,0.0,0.0,0.0,0.0,0.0,0.0,3.610028,2.025373,0.0,3.705619,3.373072,0.0,3.591791,2.543709,0.0,-0.866128,0.0,0.0,-0.174827,-3.444307,0.0,0.192729,0.0,-0.565792,-1.533577,-1.446033,0.0,0.0,0.0,0.0,0.0,-0.281448,0.0,2.313204
GRIA2,-2.364564,-1.019289,0.0,0.0,-3.259845,-0.726028,-1.509846,14.298277,0.0,-3.153032,-4.055344,0.0,-3.561042,0.0,-2.023244,0.0,0.0,0.0,0.0,0.0,-3.368601,0.0,-1.155109,0.0,0.0,-2.426017,0.0,0.0,0.0,0.0,0.0,-0.975394,0.0,0.0,0.0,-1.583259,-4.062181,0.0,0.0,0.0,0.0,0.0,0.0,-0.968062,0.0,-0.660671,-1.270271,0.0,0.0,0.0,-2.553084,0.0,0.0,0.0,-3.078508,0.0,-3.869856,0.0,0.0,-0.498814,-3.788833,0.472388,-2.714025,0.0,0.0,0.0,-1.008784,-1.226735,0.0,0.0,-2.104666,-0.228064,0.0,-0.6047,-0.228162,3.301379,0.0,-1.315745,0.0,0.066826,0.0,0.0,0.0,-0.621146,0.0,-0.484717,0.328075,0.0,0.0,-2.904516,-0.726685,0.0
TGFR1,-0.049085,-0.47215,0.0,1.723224,0.0,0.422697,1.304014,0.0,4.691326,-3.995098,2.138646,-0.69477,2.869967,-2.177429,0.0,0.357856,1.731399,0.0,0.0,0.0,-1.008821,0.0,-1.719838,2.02132,-1.160813,0.0,-4.408055,-2.446655,-1.97889,0.0,0.0,0.0,0.0,2.628571,2.161675,-1.966313,-2.70103,0.0,2.290267,0.0,2.251755,0.0,-2.056473,2.086284,1.258398,-1.689588,2.312796,0.0,-2.189487,1.949809,-3.981143,0.0,2.490565,-0.559549,-2.106167,3.043683,0.0,0.0,0.0,0.0,-2.068785,-1.441292,0.0,0.0,2.129185,2.033672,-1.025984,1.767902,1.567687,0.0,2.375372,2.444898,-1.950647,-2.842706,-1.364079,0.0,0.0,-0.599815,0.833634,-2.159089,0.0,-3.287651,-1.302391,-1.223554,0.0,-2.190001,0.0,-1.924479,0.0,-3.347878,0.0,3.018353
MCR,0.0,-0.701529,0.0,-1.877837,0.0,-1.609346,-3.053672,0.0,-3.995098,6.450591,0.0,-1.597775,-3.253733,0.541376,0.460406,0.0,-3.159174,-3.245888,-2.316988,0.0,-3.525879,-2.512027,-2.683773,0.0,0.0,0.0,0.0,0.0,3.937338,-3.471286,-0.455089,-0.245702,0.0,0.0,-3.386309,0.0,-2.12459,-3.932138,0.0,-0.175534,0.0,2.499049,-3.826576,-2.243097,-1.102697,-2.097796,-2.173744,-2.636295,-2.180223,-3.873196,-2.534258,-0.703955,0.264505,0.0,3.206567,0.0,-3.957237,0.0,0.0,0.0,-0.870127,2.967618,0.0,0.0,-3.174492,-1.943077,-3.42454,0.0,0.0,-2.870151,-2.81109,-3.914841,0.0,0.0,-0.041293,-1.521101,-2.291299,3.918855,-0.304645,-2.065187,-1.899896,-2.371298,-0.320987,4.18191,-4.015534,0.0,-0.369575,-1.978181,0.0,0.0,-2.194483,-3.334432
CDK2,-1.93088,-3.422983,0.0,2.876452,-3.743441,0.0,2.662657,-4.055344,2.142013,0.0,4.423532,0.0,3.159688,0.0,0.0,0.0,2.871511,-2.41843,0.0,0.0,0.0,-2.559512,0.0,3.676852,0.0,0.0,0.0,0.0,0.0,0.0,0.0,0.0,0.0,2.501149,3.383834,0.0,0.0,0.0,2.621229,0.0,2.652532,-2.039451,0.0,3.503465,2.898927,-1.173746,3.092,0.0,0.0,3.416467,-4.075088,0.0,2.993725,0.0,0.0,2.459744,0.0,0.0,-0.511737,0.0,-3.928573,0.0,0.0,0.0,2.880914,2.303584,-3.608699,2.514215,2.43393,0.0,3.003334,3.006544,0.0,-0.238767,-2.647204,0.0,-0.39693,0.0,-2.390274,-1.675141,-1.38545,-1.970929,0.0,-1.093562,0.0,0.0,0.0,0.0,0.0,0.88466,0.0,2.00902
FKB1A,0.0,-1.409413,0.0,-0.071259,0.0,-3.503637,0.0,0.0,0.014647,-2.101191,0.0,14.143851,-1.272148,0.0,0.0,0.131597,0.0,0.0,0.0,-1.082302,-1.366181,0.0,-0.174879,-1.658089,0.139088,-1.463544,-1.33533,-0.270114,0.0,0.254944,-2.75853,-3.961187,-4.491033,0.0,-2.955749,0.0,-2.866286,-2.079738,0.0,-1.960519,-0.784173,-0.35638,0.0,-2.55622,-0.629213,0.005706,-0.093284,0.0,-0.721136,0.0,1.356968,-2.682362,0.121541,0.033149,-0.768275,0.0,-2.846962,0.0,0.0,-3.218409,0.0,0.0,-0.989913,-1.832388,-0.03095,-2.721617,0.349819,-0.19337,-0.593911,0.0,0.0,-2.995467,0.0,-3.321275,0.0,0.0,0.0,-2.336382,0.0,-1.418783,0.0,-1.776051,-2.230039,-2.629933,-1.412803,0.084462,-1.552278,0.0,0.0,0.0,-0.129376,0.0
ABL1,0.0,0.0,0.0,3.30638,0.0,0.0,3.718853,-4.335179,2.935051,-3.253733,3.102155,-1.303619,14.377999,-2.016354,0.0,-0.961407,3.760485,-0.229523,0.0,0.0,-0.869324,0.0,-3.471523,3.072205,0.547182,0.0,0.0,-3.65538,-2.675508,0.0,-0.663163,-2.220254,0.0,2.480392,2.381925,-2.87997,-3.046771,-2.453649,2.559674,-2.964671,2.633561,-2.956782,-0.799869,2.755974,2.703842,-1.622362,3.867818,0.0,-2.078553,3.973857,0.775339,-0.040156,3.106611,-1.217602,-2.367255,2.152676,0.0,-1.575697,0.0,-2.607971,0.0,0.0,0.0,0.0,4.058893,1.900573,-3.006483,3.530637,3.724418,-2.789163,3.819311,2.679693,0.0,-3.083075,-0.886797,-2.639659,-0.60145,-1.776127,-0.909499,-2.298007,0.0,-1.431006,-0.550012,-2.92562,0.0,0.0,0.645823,0.049466,0.0,0.555815,-2.293121,3.620492
PYRD,0.0,-1.783091,-0.31214,0.0,0.0,-1.048772,-0.481268,0.0,-3.168533,0.390135,0.0,0.0,-1.969632,6.660512,0.0,0.0,0.0,0.0,0.0,0.0,-0.203832,-2.004371,-1.813548,-1.32268,-1.828603,0.0,0.0,0.0,0.496941,-3.210032,0.0,-2.66503,0.0,0.0,0.960408,-2.314559,-3.158441,0.0,-1.047359,0.0,0.0,-2.201673,0.0,0.0,0.0,0.0,0.0,0.0,0.0,0.0,-2.744776,0.0,-2.683905,-3.108204,0.842694,0.0,0.0,0.452558,0.0,-1.387979,-2.13699,0.0,0.0,0.0,0.0,0.0,-2.473791,-1.975631,-2.653821,0.0,-0.881973,0.0,-2.692667,-2.728456,0.0,0.0,0.0,1.97485,-1.315815,-2.223775,0.0,0.0,-2.333828,-0.562251,-0.823245,-3.068707,0.0,-3.121705,0.0,-2.998188,0.0,0.0
GLCM,-2.949914,0.0,-1.577327,-0.70009,-0.531125,0.0,-1.919243,-1.870367,0.0,0.45974,0.0,0.0,0.0,0.0,5.247755,0.294701,0.0,0.0,0.0,-2.252156,-1.952881,0.216366,-2.761792,-1.534589,-2.142407,0.0,0.0,0.0,-1.370511,0.152568,0.0,0.0,0.0,0.0,-1.23241,0.0,-0.089162,-2.674155,0.0,-2.936265,-2.345953,-3.370302,0.0,-3.104388,0.0,0.0,-0.256354,0.0,-0.114075,-3.322449,-0.396768,0.0,0.0,-0.241446,-0.174684,0.0,-0.122383,0.0,0.0,0.0,0.0,0.0,-0.732049,0.0,0.0,0.0,0.0,0.0,-2.125389,0.0,0.0,0.0,0.0,0.0,0.0,-2.817063,0.0,0.0,-3.743998,-1.526107,0.0,0.0,0.0,-1.100115,0.0,-0.379548,-1.213263,0.194248,0.0,-2.59372,0.0,0.0
XIAP,0.0,0.0,-0.713206,0.0,0.0,-3.116548,0.0,0.0,0.357856,0.0,0.0,0.131598,-2.1364,-2.873172,0.33817,14.054458,-2.977212,-3.065693,-2.73187,-0.947211,-0.339431,-1.028529,-1.323821,0.0,-1.528657,0.0,0.0,0.0,-3.137549,-1.836675,0.54654,0.0,0.0,0.0,-0.700159,0.0,-3.24649,0.0,0.413639,-1.596617,0.0,0.0,0.0,0.0,0.0,1.206815,0.0,-0.563524,-0.689159,-1.623531,-0.158326,-1.081802,-0.909081,-1.465665,0.175065,0.0,-1.275558,0.0,-1.088278,0.0,-1.892418,0.0,0.267986,-0.047604,-3.363768,-1.344652,0.403943,-1.69593,0.0,0.033217,0.0,0.0,-0.552595,-1.674326,-0.559085,0.0,0.0,-2.554098,-1.684019,-0.471468,0.0,0.0,-1.283845,-0.666775,0.0,-1.900628,-1.114337,0.0,-1.855835,-3.610582,-1.228367,0.0
VGFR2,-1.134767,-3.48289,-3.02368,3.504131,0.0,0.0,3.652353,0.0,1.784892,-3.159174,2.871511,0.0,3.731395,0.0,0.0,-2.977212,5.164446,0.0,0.0,-3.764679,0.0,0.0,0.0,2.849316,0.400694,0.0,0.0,-0.505994,-1.086861,-4.047946,0.0,0.0,0.0,-4.16553,2.768016,0.0,0.0,0.0,2.074362,0.0,2.118766,-2.289208,0.0,2.271733,2.515584,-1.987055,4.068158,-1.469453,0.0,3.468552,0.0,-2.041657,3.234583,-3.163452,-1.869048,2.156755,0.0,0.0,0.0,0.0,0.0,0.0,0.0,0.066547,3.716462,2.205075,-0.662535,3.035947,3.058885,-2.107002,3.598045,3.113668,0.0,-2.569096,0.0,0.0,0.327193,-0.841086,-2.457097,0.0,-0.729579,0.0,0.0,0.435917,0.0,-0.938135,-2.339572,0.249302,0.0,0.354794,-2.815508,2.645391
BACE1,-1.877153,0.0,0.0,0.0,0.0,3.287264,0.0,0.0,0.0,-3.245888,-2.572732,0.0,-0.143629,0.0,0.0,-0.931801,0.0,5.313273,0.0,0.0,-3.004304,0.0,-1.247636,0.0,0.0,-1.071154,0.0,-4.278982,0.227846,0.0,-0.951394,0.0,0.0,-0.406291,0.0,-0.816929,0.0,0.0,0.0,0.0,-4.169718,0.0,0.0,0.0,-1.225533,0.754877,-1.221521,0.0,0.0,0.0,0.0,0.0,0.369827,-2.834598,0.0,-0.780452,0.0,-0.162159,0.0,0.0,0.0,-4.038424,0.0,-1.663152,-2.293075,0.0,0.0,0.0,-2.538891,0.0,-3.038997,0.0,0.0,-2.329196,0.627933,0.122884,1.845589,0.0,0.0,-2.382098,-1.454788,-0.962965,0.0,0.0,0.0,-1.69723,0.640683,-2.338725,0.0,0.0,0.0,0.0
TRY1,0.0,-2.680977,3.299055,0.0,0.0,0.0,0.0,0.0,0.0,-2.316988,0.0,0.0,0.0,0.0,0.0,-2.73187,0.0,0.0,4.37334,3.648613,-3.629779,3.172601,0.0,0.0,0.0,-1.222379,3.748793,0.0,0.0,0.0,0.0,0.0,0.0,0.0,0.0,0.0,0.0,0.0,0.0,0.0,0.0,0.0,0.0,0.0,0.0,0.0,0.0,3.077119,0.0,0.0,0.042557,0.0,0.0,0.0,0.0,-2.713561,0.0,0.0,0.0,0.0,0.0,0.0,-1.591768,0.0,0.0,-2.947173,0.0,0.0,0.0,0.0,0.0,0.0,-2.47587,-0.632594,0.0,0.0,0.0,0.0,0.0,0.0,0.0,0.0,-2.621783,0.0,0.0,0.0,-3.390991,0.0,-0.433862,0.0,0.0,0.0
THRB,0.0,-3.306651,3.417126,0.0,0.0,-0.608287,0.0,0.0,0.0,0.0,0.0,-1.082302,0.0,0.0,-2.099383,-0.947211,-3.764679,0.0,3.606038,5.040562,-2.621422,3.003138,-1.596947,0.339785,0.0,0.0,3.545697,0.0,0.0,0.0,0.0,0.0,0.0,-1.359583,-4.49664,0.0,-1.715779,0.0,-2.828949,0.0,0.0,0.0,-1.067972,0.0,0.0,-0.051533,0.0,3.304711,0.0,0.0,0.0,-2.938051,0.0,0.0,-3.209712,0.0,0.0,0.0,0.0,0.0,0.0,0.0,0.0,0.0,0.0,0.0,0.0,0.0,0.0,0.0,0.0,0.0,0.0,0.0,-0.061467,0.0,0.0,0.0,0.0,-1.314359,0.0,0.0,0.0,-1.391391,0.0,0.0,0.0,0.0,0.432493,-0.61977,-2.994033,0.0
SAHH,-3.229717,-0.438686,-2.22978,0.0,-2.517571,-1.750347,-1.270921,-3.361614,-1.008821,-3.149574,0.0,-1.366181,-0.878687,-0.513974,-1.948643,-0.339431,0.0,-3.004304,-3.629779,-2.621423,14.494655,-0.306751,-0.235974,0.220656,-1.380128,0.0,0.0,-2.333079,-1.354271,0.0,-0.648779,-2.483479,0.0,-1.611635,0.843475,0.0,-0.614392,-1.803667,-1.706113,-2.286905,-1.204908,-1.975599,0.571266,-1.375571,0.0,-0.946436,-0.488066,0.0,-3.477338,-0.380188,-0.169527,0.042437,-0.114607,-1.24911,-4.134565,-0.155167,-1.016895,0.0,-1.832536,0.0,0.366577,0.0,0.119245,-3.540146,-0.100879,-1.353649,-1.184047,0.613124,-0.193202,-0.208871,0.197821,-1.442245,0.0,-1.99198,-2.036929,-3.992659,-1.27246,-1.408524,-0.269616,-0.302658,-1.325881,-0.865504,-0.710839,-1.781003,-2.577304,-1.556424,0.0,0.600906,0.0,-1.80735,-0.644532,-1.154936
TRYB1,0.0,-2.015396,3.01039,0.0,-2.82687,0.0,0.0,0.0,0.0,-2.519529,-2.559512,0.0,0.0,-3.340107,0.224047,-1.028529,0.0,0.0,3.263687,3.056676,-0.417092,14.274297,-2.144955,0.0,-2.254648,0.0,3.2101,0.0,0.0,0.0,0.0,0.0,0.0,0.0,0.0,0.0,0.0,0.0,0.0,0.0,-1.880826,-2.89211,0.0,-2.656148,0.0,0.0,0.0,2.715049,0.0,0.0,-0.929997,0.0,0.0,0.0,0.0,0.0,0.0,0.0,0.0,-3.582517,0.0,-1.281376,0.0,0.0,0.0,0.0,0.0,-3.207149,0.0,-2.292913,-1.591851,0.0,0.0,0.0,0.312974,0.0,-3.975863,-3.178745,0.0,-1.505366,0.0,0.0,-1.711313,-0.941337,0.0,-2.769152,0.0,0.0,0.0,0.0,-1.617074,0.0
FPPS,0.0,-0.970319,0.0,0.0,0.475861,0.0,-1.746828,-1.155109,-1.719837,-0.895604,0.0,-0.174879,-2.365968,-1.966956,-2.760404,-1.323821,0.0,-1.848166,0.0,-1.596947,-0.486043,-2.144955,4.430346,-0.069275,-2.773502,1.18623,-2.104278,0.203201,-0.884804,0.0,-2.868388,0.171573,0.0,0.69364,-2.039175,-0.251677,-0.507179,-1.288439,0.095229,-4.42958,-1.302232,-1.025013,1.026669,-0.979455,0.0,-0.541238,0.0,0.0,0.98538,-1.243642,0.0,0.113005,-0.569081,-1.774981,-1.614155,-4.10115,0.0,0.0,-2.222798,0.0,-0.176512,0.0,-1.316728,0.0,0.0,-1.057346,-0.316593,0.0,-3.005215,-0.214669,-1.353186,0.0,0.0,-1.755435,-0.128516,-1.367091,-0.946932,-3.804963,0.0,-0.184809,0.391893,0.0,-0.797698,-1.38017,-1.858372,0.0,-1.942604,-0.157283,0.0,-0.825171,-1.139767,-1.265425
MK14,0.10356,0.0,0.0,2.270159,0.496132,-1.120224,1.999044,0.0,1.862617,0.0,3.647891,-1.658088,3.073249,-1.32268,-2.130074,0.0,2.686414,0.0,0.0,0.339785,0.220656,-1.013018,-0.790726,14.384478,-3.031516,0.0,0.0,-1.910126,-1.041015,-0.407145,-2.565983,0.0,0.0,2.587162,3.807851,0.0,0.0,-0.93821,2.891597,-1.240578,2.350754,0.0,-1.659663,4.043115,-1.328072,-1.856284,2.87544,0.0,0.0,2.705206,-3.23149,-0.037718,2.722569,-1.980079,-1.592141,2.629336,0.0,0.0,-2.585783,0.36367,-2.719463,0.0,-0.668506,0.0,3.069916,1.65979,-0.493525,2.143237,2.648909,-0.539058,3.221956,3.127295,0.0,-1.544006,-1.4636,-2.829752,-1.914067,0.66447,-3.813716,-3.043359,0.0,0.0,-0.596126,-0.446811,0.0,-1.214277,-1.673442,0.0,0.0,0.26897,0.0,2.778555
PPARG,0.0,0.0,0.0,0.430879,-2.114157,0.0,1.090281,0.0,-2.058182,0.0,0.0,0.139088,0.634388,-2.878973,-2.603995,-2.290408,0.400694,0.0,0.0,0.0,-1.397411,-2.254648,-2.773502,-3.080526,4.748491,0.0,0.0,0.364473,0.389738,0.0,-1.619448,0.0,0.0,-4.043128,0.0,-2.366596,-1.711895,0.0,0.0,0.0,0.0,0.0,-0.771283,0.0,-1.038628,-1.905782,-1.967475,0.0,0.0,1.106255,0.0,-4.259785,0.165472,2.789295,-1.233805,0.0,-0.680557,0.0,0.0,0.0,-0.151601,-0.915361,0.0,0.0,-0.519945,-1.483531,-1.292269,-1.26365,-2.109076,-2.840744,0.0,-0.398492,0.844843,0.0,0.0,0.0,0.0,-1.225407,-3.176106,-0.8912,0.0,0.0,3.595875,0.452282,-1.036007,-0.268276,0.276905,-0.748499,0.0,0.0,-1.177278,-1.169002
CASP3,0.0,0.0,0.0,0.0,0.0,0.0,0.0,-2.426017,0.0,0.0,0.0,0.0,0.0,0.0,0.0,0.0,0.0,-1.818041,-1.222379,0.0,0.0,0.0,1.18623,0.0,0.0,5.037972,0.0,0.0,0.0,0.0,0.0,0.0,0.0,0.0,0.0,0.0,0.0,0.0,-0.463659,-0.358145,0.0,0.0,0.0,0.062197,0.0,0.0,0.0,0.0,0.0,-1.731202,0.0,0.0,0.0,-0.820991,0.0,-4.123701,0.0,-2.339242,0.0,0.0,0.0,0.0,0.0,0.0,-2.827701,0.0,0.0,0.0,0.0,0.0,0.0,-3.519938,0.0,0.0,0.0,-2.419848,0.0,0.0,-3.871808,-2.431335,0.636576,0.0,-3.126797,0.0,0.0,-1.874363,0.0,0.0,0.0,0.0,-1.268019,-2.858202
UROK,0.0,0.0,3.740023,0.0,0.0,0.0,0.0,0.0,-4.408055,0.0,0.0,-0.752118,0.0,0.0,0.0,0.0,0.0,0.0,3.804161,3.642306,0.0,3.203529,-2.104278,0.0,0.0,0.0,14.312078,-0.427558,0.0,0.0,-1.38135,0.0,0.0,0.0,0.0,0.0,0.0,0.0,0.318406,0.0,0.122389,-0.495339,0.0,-0.26786,0.0,-0.647242,0.0,3.007754,0.0,0.0,0.0,-0.477747,-3.993272,0.0,-3.309412,0.0,0.0,0.0,0.0,0.0,0.187051,0.0,0.0,0.0,0.0,0.185937,0.0,0.0,-0.199811,0.0,-2.688173,0.0,0.0,-0.052283,0.21932,-1.236927,-3.081639,0.0,0.0,0.0,-0.522025,0.0,-1.181301,0.0,0.0,0.0,0.0,0.0,0.0,-0.539428,0.0,0.0
ADRB2,-2.179464,0.0,0.0,0.0,0.0,-2.760333,0.0,0.0,-2.446655,0.0,0.0,-0.270114,-3.191089,0.0,-0.494257,0.0,-0.505994,-4.278982,0.0,0.0,-2.950641,0.0,0.203201,-1.910126,0.16166,0.0,-0.463535,14.524865,0.440473,3.916107,-0.842214,0.0,0.0,0.0,0.0,0.0,0.0,0.0,0.0,0.0,-3.271199,-3.431544,0.0,0.0,0.0,-0.861968,0.0,0.0,0.0,0.0,0.0,0.0,0.0,-1.660744,-2.785897,0.0,-1.736104,-1.883966,0.0,0.0,-2.092783,-1.608401,0.0,0.0,0.0,0.0,1.876283,0.0,-4.368807,-3.405214,0.0,0.0,0.0,0.0,0.0,0.0,0.0,-2.442369,0.0,-3.167953,-1.411098,0.0,-0.998482,-0.99727,0.0,-1.262162,0.0,0.0,-0.300976,0.0,-1.420394,0.0
ANDR,0.0,0.0,0.0,0.36477,-1.15409,-1.075672,-0.856151,0.0,-1.827108,3.879436,0.0,0.0,-2.675508,0.496941,-1.370511,-3.44716,-1.086861,-0.095888,0.0,0.0,-3.162061,0.0,-0.884804,-1.041015,0.389738,0.0,0.0,0.440473,4.510397,0.0,-1.829422,-0.389001,0.0,0.0,-1.664583,0.0,-2.052009,-2.95343,-0.923163,-2.376737,0.0,-0.043235,-2.659904,-1.213213,0.0,-0.993448,-1.781655,-1.381032,0.0,0.0,0.0,0.0,0.0,-1.451143,3.404435,0.0,0.54285,0.0,-1.323297,0.0,-2.798428,3.141941,-0.422815,0.0,0.0,0.0,0.705864,-2.405235,0.0,-1.885792,-2.053076,0.0,0.0,0.0,-1.287294,0.0,0.006083,3.616645,-1.704693,0.227516,0.0,-2.84363,-0.43194,4.131943,0.0,1.256513,-0.891088,-2.01687,-3.069893,0.0,-0.837482,0.0
ADRB1,0.0,-0.93602,-3.456324,-2.320714,0.0,-2.093721,0.0,0.0,0.0,-3.471286,0.0,0.254944,0.0,-3.071287,0.152568,-1.836675,0.0,0.0,0.0,0.0,0.0,0.0,0.0,-1.106631,0.0,0.0,0.0,3.423556,0.0,14.410716,0.0,0.0,0.0,-1.465217,-3.677376,0.630868,0.0,-3.725875,0.0,0.0,0.0,-2.945496,0.0,-3.422004,-2.92258,0.0,-1.667511,0.0,-2.911423,0.0,0.0,-1.595937,-3.957257,-0.609085,-1.258362,0.0,0.0,0.0,0.0,0.0,0.0,-2.670117,-1.754727,0.0,-2.171508,0.0,-0.954224,-2.225738,-1.908592,-0.685778,0.0,0.0,0.0,0.0,0.0,0.0,-2.064636,-0.920254,0.0,0.88815,-0.62712,0.0,0.0,-0.348017,0.0,0.0,-1.949739,0.0,-0.644435,0.0,0.0,-3.459157
KIF11,0.0,0.0,0.0,0.0,0.0,-1.565993,0.0,0.0,0.0,-0.455089,0.0,-2.75853,-0.663163,0.0,0.0,0.561513,0.0,-0.741215,0.0,0.0,-1.508873,0.0,-2.868388,-2.565983,-1.493049,0.0,-1.38135,-0.842214,-1.677492,-2.294905,5.731717,0.0,0.0,0.0,0.0,-0.358035,0.0,0.0,-3.491966,0.0,0.0,-4.552464,0.0,-1.247232,0.0,-3.684273,-0.350326,-3.775712,0.0,0.0,0.0,0.0,0.0,-1.408368,0.0,0.0,0.0,0.0,0.0,0.0,0.0,0.0,0.0,0.0,0.0,0.0,0.0,0.0,0.0,0.0,0.0,-0.897244,0.0,-1.528496,0.0,-1.16212,-0.078308,0.0,0.978686,0.894985,0.0,-0.786636,-0.715484,-1.574838,0.0,0.0,0.0,-3.192185,0.0,0.0,0.0,0.0
THB,-3.027342,-0.93973,0.0,-3.100738,0.0,-3.413636,0.0,-0.975394,0.0,-0.245702,0.0,-4.425749,-2.283021,-2.66503,0.0,0.0,0.0,0.0,0.0,0.0,-1.266943,0.0,-0.551554,0.0,0.0,0.0,0.0,0.0,-0.921851,0.0,0.0,14.266012,0.0,0.0,0.0,0.0,-3.242926,0.0,0.0,-0.356677,0.0,-1.853548,0.0,-1.689402,0.0,0.0,0.0,0.0,0.0,-2.404804,0.0,0.0,0.0,-1.495434,-0.852537,0.0,0.0,0.0,0.0,0.0,0.0,0.890416,0.0,0.0,0.0,0.0,-0.721581,0.0,0.0,-0.69367,0.0,-1.809868,0.0,0.0,0.0,0.817633,0.0,0.0,-0.86403,-2.646218,-1.207037,0.0,1.231354,-3.250565,-2.424779,0.0,0.0,-0.342392,0.0,0.0,-1.118648,0.0
HDAC8,0.0,0.0,0.0,0.0,0.0,0.0,0.0,0.0,0.0,0.0,0.0,-3.716772,0.0,0.0,0.0,0.0,0.0,0.0,0.0,0.0,0.0,0.0,0.0,0.0,0.0,0.0,0.0,0.0,0.0,0.0,0.0,0.0,5.362601,-0.925659,0.0,0.0,-3.834641,-0.442091,0.0,0.0,0.0,0.0,0.0,0.0,0.0,0.0,0.0,-1.855159,0.0,0.0,-0.953849,0.0,0.0,0.0,-2.654361,0.0,0.0,0.0,0.0,0.0,0.0,0.0,0.0,3.421863,0.0,0.0,0.0,-0.975004,0.0,0.0,0.0,0.0,0.0,0.460508,0.0,0.0,0.0,0.0,-2.211702,-3.16959,-1.745078,0.0,0.0,0.0,0.0,-0.526928,0.0,0.0,0.0,0.0,0.0,0.0
ROCK1,0.0,-2.096306,0.0,0.0,0.0,0.0,-2.906761,0.0,2.628417,0.0,2.501149,0.0,2.556538,0.0,0.0,0.0,-4.16553,-0.406291,0.0,-1.359583,-1.611635,0.0,0.739196,2.587162,-4.043128,0.0,0.0,0.0,0.0,-1.465217,0.0,0.0,-0.665366,5.48786,2.998906,0.0,-4.11402,0.0,3.56325,0.0,3.500041,-3.781651,0.0,2.475204,2.352056,0.0,2.523005,0.0,-2.486809,0.960548,0.0,0.0,2.906901,-1.912874,0.0,1.993873,0.0,0.0,0.0,0.0,0.0,0.0,-0.777648,-0.991213,2.289752,2.795768,0.0,2.409633,1.686808,0.338952,2.795339,2.821362,-1.17758,0.0,0.0,0.0,-3.032715,-3.743205,-2.417778,-1.420981,-1.672479,0.0,0.0,0.0,0.0,0.0,0.0,0.0,0.0,0.0,0.0,1.813003
MK01,0.0,0.0,0.0,2.447725,0.0,-2.825961,2.47189,0.0,2.09005,-3.38631,3.376752,-2.502053,2.789401,-1.214184,-1.23241,-0.31073,2.745478,0.0,0.0,-4.53012,1.051918,0.0,-2.871668,3.79959,0.0,0.0,0.0,0.0,-2.166905,-3.677376,0.0,0.0,0.0,3.012966,7.009949,0.0,0.0,0.0,2.909838,-2.770974,2.756641,-1.276208,0.0,4.038919,2.479592,-2.309059,2.820398,0.0,0.0,2.55124,0.0,0.0,2.830993,-3.328495,-2.71483,2.861144,0.0,0.0,0.0,-0.446366,0.0,-4.353395,0.0,-0.225855,2.939098,1.347641,-0.118551,1.760808,2.196673,0.0,3.018278,3.282305,0.0,0.0,0.0,0.0,-1.230585,0.0,-1.683664,-3.586359,0.0,0.0,-2.693483,0.0,0.0,-4.402422,-3.077627,-1.574405,-2.198618,-1.945743,-1.832752,1.433228
HIVRT,0.0,0.0,-1.857924,-1.913903,0.0,0.0,0.0,-2.656232,-1.814196,0.0,0.0,0.0,-2.87997,-2.314559,0.0,0.0,0.0,-0.816929,0.0,0.0,0.0,0.0,-1.193637,0.0,-2.395755,0.0,0.0,0.0,0.0,-0.209196,-0.256834,0.0,0.0,0.0,0.0,14.571401,0.0,0.0,0.0,-2.707496,0.0,0.0,0.0,0.0,0.0,0.0,0.0,0.0,0.0,0.0,0.0,0.0,0.0,0.0,0.0,-3.571177,0.0,-1.360683,0.0,0.0,0.0,0.0,0.0,0.0,0.0,0.0,0.0,-2.547532,0.0,-4.174869,0.0,-1.71325,0.0,-3.670788,0.0,0.0,-3.569983,0.0,0.0,-0.006525,-3.235789,0.0,0.0,0.0,0.0,0.0,0.0,0.0,0.0,0.0,-0.070782,-1.899565
HMDH,-2.876955,-1.111371,0.0,0.0,0.0,0.0,0.0,-4.062181,-2.962163,-2.12459,-3.506162,-3.137155,-3.046771,-3.158441,-0.141252,-3.24649,0.0,0.0,0.0,-1.718795,-0.614392,0.0,-0.507179,0.0,0.0,0.0,0.0,0.0,-1.240929,0.0,0.0,-3.242926,-3.834641,-4.11402,0.0,0.0,4.522777,0.0,0.0,-3.555573,-4.240717,0.154292,0.0,0.0,0.0,0.315133,-2.427763,0.0,-1.498483,-0.473284,0.0,-1.334992,0.0,0.0,-2.1738,-0.67575,-2.924755,0.0,0.0,0.0,0.0,-3.743526,0.0,-2.001393,0.0,0.0,-2.513161,0.0,-2.508164,-0.671323,-3.735502,-2.717555,0.0,-1.057145,-0.779718,-1.027148,-1.469672,-2.392462,-1.892717,0.0,0.0,-1.177325,0.0,0.0,0.0,-0.746209,-0.842691,-0.713017,0.0,-3.084721,0.0,0.775588
PYGM,0.0,0.0,0.0,0.0,0.0,0.0,0.0,0.0,0.0,-4.00765,0.0,-2.079738,-2.453649,0.0,-2.684926,0.0,0.0,0.0,0.0,0.0,-1.803667,0.0,-1.822496,0.0,0.0,0.0,0.0,0.0,-3.328153,-3.638588,0.0,0.0,-2.729208,0.0,0.0,0.0,0.0,4.89001,0.0,0.0,0.0,-2.336593,0.0,-2.336216,0.0,0.0,0.0,-1.152384,0.0,0.0,-2.785056,0.0,-1.349109,-0.830261,0.0,-3.00027,0.0,-0.419144,0.0,0.0,0.0,0.0,-1.614255,-3.240721,0.0,0.0,0.0,-1.919782,0.0,0.0,-1.084998,0.0,0.0,-0.942127,0.0,0.0,0.0,-0.017573,0.0,0.0,0.0,-0.669869,-1.253127,-3.985067,0.0,0.0,0.0,-1.740614,0.0,0.0,0.0,-4.426997
AKT1,0.0,-2.24391,0.0,1.777893,0.0,0.0,1.617998,0.0,1.970257,0.0,2.624978,0.0,2.578443,-1.047359,0.0,0.631285,1.785066,0.0,0.0,-2.840728,-2.063953,0.0,-1.070033,2.891597,0.0,-0.608929,0.288036,0.0,-0.923163,0.0,-3.337163,0.0,0.0,3.565856,2.88702,0.0,0.0,0.0,14.400899,0.0,4.170447,0.0,0.0,2.602888,0.0,0.290096,2.48987,0.0,-1.527088,1.996754,0.0,-1.002492,2.645024,-1.750738,0.0,2.444591,0.0,0.0,0.0,0.0,0.0,-3.228316,0.0,0.0,2.181944,2.696427,-4.1939,1.938004,2.110352,0.712843,2.563276,3.117937,0.0,-1.171052,0.0,-2.863514,0.0,-1.977248,-2.717576,-1.868497,0.0,0.0,-1.041034,-0.124301,0.0,0.0,0.0,0.0,0.0,0.0,0.0,1.140631
HS90A,-0.207309,-1.406466,0.0,0.0,-1.430587,-1.8863,-3.028967,0.0,0.0,-0.175534,0.0,-2.730623,-2.96467,0.0,-2.646726,-0.601299,0.0,0.0,0.0,0.0,-2.340341,0.0,-4.42958,-0.951637,0.0,-0.358145,0.0,0.0,-0.993958,0.0,0.0,0.501695,0.0,0.0,-2.645085,-2.399077,-3.245985,0.0,0.0,14.337046,0.0,-3.073035,-3.525092,-1.069532,0.0,0.747614,0.0,-1.902878,0.0,-2.545191,-1.861652,0.0,-0.954513,-2.031101,0.075197,-1.167948,0.0,0.0,-0.579294,-1.374466,-2.766031,-0.328019,0.0,0.0,0.0,0.0,-1.311814,0.0,-2.060519,-0.655405,0.193588,-3.62597,0.0,-2.075044,0.0,-1.844019,-0.233041,-1.87237,0.0,-2.25794,-2.791589,0.0,-0.267239,0.0,0.0,-3.101151,0.0,-0.258875,0.0,0.0,0.0,-2.17652
AKT2,0.0,0.059028,0.0,2.124144,-1.691137,-3.389007,1.690967,0.0,1.956562,0.0,2.415576,-0.79652,2.755935,0.0,-2.345953,0.0,2.137262,-4.169718,0.0,0.0,-0.570423,-1.64925,-2.657854,2.513918,0.0,0.0,0.122389,0.0,0.0,0.0,0.0,0.0,0.0,3.528217,2.767309,0.0,-4.043971,0.0,4.19481,0.0,5.074428,0.0,0.0,2.306747,0.0,0.0,2.712911,0.0,0.0,2.391372,0.0,-0.279062,2.815279,0.0,-1.022982,2.525641,0.0,0.0,0.0,-2.013093,0.0,0.0,0.0,0.0,1.923429,2.577302,-2.07359,1.715907,2.047288,1.00167,2.465422,3.547974,0.0,-2.994388,-1.968177,0.0,0.0,0.0,0.0,0.0,0.0,0.0,-2.058466,-0.179559,0.0,0.0,0.0,0.0,0.0,0.0,0.0,1.651913
RXRA,0.0,-1.449576,0.0,-1.883808,0.0,0.0,-3.863828,0.0,0.0,2.499049,-2.039451,0.362352,0.0,-2.201673,-4.367911,0.0,-0.310486,0.0,0.0,0.0,-1.975599,-0.568276,-0.896168,-3.3733,0.0,0.0,-1.461365,-4.050885,-0.043235,-2.575671,-4.087878,-1.853548,0.0,-3.781651,-1.276208,0.0,0.100588,-3.263835,0.0,-3.227792,0.0,5.149439,-1.953016,0.0,0.942259,-0.309211,0.732049,-2.459431,0.0,0.0,0.0,0.267557,0.0,-0.82677,2.707695,-2.998043,-1.977451,0.0,0.0,0.0,-3.361004,2.620589,-1.933867,0.0,0.0,-4.013582,-2.1427,0.783956,-2.15097,-1.740212,-1.034271,-2.637711,0.0,0.0,-0.637975,0.0,-1.018397,1.353073,-2.112035,-1.859447,0.0,0.0,-3.442804,2.55319,0.0,-1.742308,-2.693996,-2.056743,0.0,0.356347,-2.365927,-3.046321
ACES,-1.390456,0.0,0.0,0.0,0.0,0.0,0.0,0.0,0.0,-4.00633,0.0,0.0,-0.799869,0.0,0.0,0.0,0.0,0.0,0.0,-1.34637,-2.040295,0.0,0.883763,-1.811828,-0.771283,0.0,0.0,0.0,-2.81428,0.0,0.0,0.0,0.0,0.0,0.0,0.0,0.0,0.0,0.0,-3.525092,0.0,-1.953016,6.412598,0.0,0.0,-2.048325,0.0,0.0,0.0,-0.748025,0.0,-2.723874,0.0,-1.651438,-1.775043,0.0,0.0,0.0,0.0,0.0,-2.529154,-0.765496,0.0,0.0,0.0,0.0,0.0,-2.035631,-2.545194,-1.178735,-1.026303,0.0,0.0,0.0,0.0,0.0,0.0,-0.609486,-1.805625,-2.84108,-2.608141,0.621365,-1.600365,-2.021415,0.0,-0.685691,0.0,-1.873986,0.0,0.0,-1.145985,-2.94934
MK10,0.0,-0.989097,0.0,2.330333,0.0,-1.35842,2.751531,-1.033229,1.811321,-1.183055,3.501685,-1.691668,2.755974,0.0,-3.104389,0.0,2.271733,0.0,0.0,0.0,-0.563828,-2.656148,-0.702819,4.000798,0.0,0.215451,-1.163899,0.0,-1.213213,-3.422004,-1.247232,0.0,0.0,2.428958,4.038919,0.0,0.0,-3.644189,2.612996,-1.069532,2.300687,0.0,0.0,4.939129,-3.116698,-0.593161,2.614902,0.0,0.0,2.340897,-2.458282,-1.456866,2.432266,0.0,0.651231,2.255142,0.0,0.0,0.0,0.0,0.0,0.0,-2.155865,0.0,2.15348,1.165515,-4.105492,1.875237,2.386687,-4.44819,2.9316,2.808297,0.0,-3.357815,-1.619258,-1.214424,-0.984634,-1.914972,-4.020222,-1.450232,-4.06036,0.323589,-3.626772,-2.390035,-2.325269,-0.12591,0.0,-2.963701,0.0,-0.94869,-1.169055,0.579066
MP2K1,-1.648132,-1.454773,0.0,-0.021034,0.0,-3.30774,2.749969,0.0,1.022682,-1.299996,2.943505,-0.629213,2.773928,0.0,0.0,0.0,2.515584,-1.225533,0.0,0.0,0.0,0.0,0.0,-1.926882,-1.038628,0.0,0.0,0.0,0.0,-2.92258,0.0,0.0,0.0,2.26435,2.475273,0.0,0.0,0.0,0.0,0.0,0.0,0.942259,0.0,-3.116698,5.220778,0.0,2.807386,0.0,0.0,2.498105,0.0,0.0,0.0,-1.533054,0.0,2.992874,-1.467543,0.0,0.0,-3.330204,-1.800908,-2.83626,-1.960446,0.0,2.898194,-1.163249,-3.260632,2.335988,-2.190977,-3.3396,2.869283,2.631332,0.0,-1.738556,-1.354184,0.0,0.0,0.0,-1.733377,1.114897,-1.258409,-2.884982,-2.231191,0.045085,0.0,-3.238835,-2.811371,-1.872221,-3.295746,0.0,-2.748906,1.803048
FABP4,0.078932,-1.401403,0.0,-0.580738,0.0,-0.183257,-1.341822,-0.660671,-1.621861,-1.794602,-0.771973,0.005706,-1.622362,0.0,0.0,1.206815,-1.987055,0.0,0.0,-0.051533,-0.946436,0.0,0.188392,-1.856284,-1.905782,0.0,-0.647242,-1.343676,-1.191591,0.0,-3.839102,0.0,0.0,0.0,-2.309059,0.0,0.063046,0.0,0.290096,0.747614,0.0,-0.875774,-2.048325,-0.593161,0.0,14.234859,-0.363796,0.0,-2.470611,-0.838662,0.0,0.0,0.526954,-0.090236,-0.174728,0.0,0.0,0.0,0.0,0.0,-0.990399,0.0,0.0,0.0,0.0,-3.946455,-1.160734,-0.626487,1.221488,0.246619,0.372009,-1.425592,0.0,0.0,-0.900962,0.038229,0.0,-3.545073,0.0,0.020289,-3.069953,-0.593991,-1.053523,-0.742568,0.074509,-1.774322,-0.84813,0.0,0.0,0.0,-0.542241,0.0
CSF1R,0.0,-0.327443,0.0,3.556331,-3.864503,-0.018104,3.537913,-1.270271,2.283963,-0.921302,3.092,-0.168746,3.825879,0.0,-0.481905,0.0,4.065102,-1.221521,0.0,0.0,-0.488066,0.0,0.0,2.66471,-2.719001,0.0,0.0,0.0,-1.781655,-1.667511,-0.797585,0.0,0.0,2.300067,2.814739,0.0,-2.427763,0.0,2.716474,0.0,2.689553,0.127433,0.0,2.614902,2.768845,-1.304942,6.340429,0.0,0.0,3.731434,0.0,-2.533746,3.435142,0.0,-0.89234,2.917908,0.0,0.0,0.0,0.0,0.0,0.0,0.0,0.0,4.280923,2.660433,-1.106532,3.656113,3.532802,0.0,3.723725,3.038953,-2.072419,0.0,0.893471,-1.274768,-1.744578,-0.570978,-4.073682,-0.737804,0.0,-3.472519,0.0,-1.815616,0.0,-3.100248,-2.123077,0.0,0.0,0.335113,-2.000963,2.528769
FA7,0.0,0.0,3.277873,0.0,0.0,0.0,0.0,0.0,0.0,-2.636295,0.0,0.0,0.0,0.0,0.0,-0.563524,-1.469453,0.0,3.136973,3.173557,0.0,2.762559,0.0,0.0,0.0,0.0,3.059574,0.0,-2.039441,0.0,-3.775712,0.0,-1.102313,0.0,0.0,0.0,0.0,-1.41126,0.0,-0.760841,0.0,-2.883319,0.0,0.0,0.0,0.0,0.0,14.400899,0.0,-0.680004,-0.207063,0.0,-3.771675,0.0,0.0,0.0,0.0,0.0,0.0,0.0,0.0,0.0,0.210634,-0.547907,0.0,-2.624525,-1.026905,0.0,0.0,0.0,-3.476201,0.0,0.0,-1.005265,-2.407625,-2.00385,0.0,0.0,-4.252068,0.0,0.0,0.0,-2.162343,0.0,0.0,0.0,0.0,0.0,-0.902935,-0.878773,-3.714651,0.0
DPP4,0.0,-3.039289,0.0,0.0,0.0,0.0,0.0,0.0,-2.402046,-2.180223,0.0,-0.721136,-2.078553,0.0,0.0,-0.922882,0.0,0.0,0.0,0.0,-3.477338,0.0,1.019157,0.0,0.0,0.0,0.0,0.0,0.0,-2.911423,0.0,0.0,-0.291442,-2.232769,0.0,0.0,-0.117413,0.0,0.0,0.0,0.0,0.0,0.0,0.0,0.0,-2.934465,0.0,0.0,14.634027,0.0,-4.075277,0.0,-3.960036,-3.494966,0.0,0.0,-2.156836,0.0,0.0,-2.241978,0.0,0.0,-1.550909,-1.063649,-2.318645,0.0,-3.752964,-1.660007,0.0,0.0,0.0,-3.604816,0.0,0.0,-0.319836,0.0,0.0,0.0,0.0,0.0,0.0,0.0,0.0,-1.892316,0.0,-2.079687,0.0,0.0,0.0,-4.26717,0.0,0.0
JAK2,-2.087543,0.0,0.0,3.28242,0.0,0.0,3.526087,0.0,1.971597,-3.873196,3.417562,0.0,4.054383,0.0,-3.322449,-1.623531,3.563815,0.0,0.0,0.0,-0.380188,0.0,-1.243642,3.017319,1.106255,-1.899392,0.0,0.0,0.0,0.0,0.0,-2.404804,0.0,1.028505,2.641723,0.0,-0.473284,0.0,1.996754,-2.390696,2.471967,-0.985856,-0.748025,2.42706,2.498105,-0.838662,3.831307,-1.712266,0.69561,6.084477,-1.688964,-0.853432,3.366103,-2.556179,0.0,3.063346,0.0,0.0,0.0,0.0,0.0,-2.446882,0.0,-3.441333,4.057671,2.329238,0.0,3.534641,3.573114,-1.314406,3.725104,3.041155,0.0,0.0,0.0,-0.479365,0.211439,0.0,-3.954386,-2.242157,-2.078499,-3.008467,0.724427,0.0,-1.42442,-1.877005,0.0,-0.046358,-1.700214,0.0,0.0,3.464384
ADA,0.26515,-1.320269,0.0,0.0,0.0,0.0,-0.303604,-2.707438,0.0,-2.534258,-4.075088,1.356968,0.775339,0.0,-0.396768,-0.158326,0.0,0.0,0.042557,0.0,-0.099868,-1.207538,-0.360087,-2.458648,0.0,0.0,0.0,0.0,0.0,0.0,0.0,0.0,-0.969464,0.0,0.0,0.0,0.0,-2.785056,0.0,-1.861652,0.0,0.0,0.0,-2.458282,0.0,0.0,0.0,-0.207063,-3.537851,0.0,4.823164,-1.96988,0.0,0.0,-1.397918,0.564887,-0.705379,-2.504177,0.0,0.0,0.561804,0.178222,1.220967,-2.261154,-2.899113,0.0,-1.962162,-2.089328,-3.662053,0.0,-3.552019,0.0,0.139638,0.749512,-0.235926,-1.643269,0.0,-1.646483,1.113349,-1.626797,0.067137,-4.292879,-0.745566,-2.037379,0.0,-0.232116,0.0,0.0,0.064489,0.0,-3.392581,0.0
FNTA,-1.9848,0.0,0.0,-2.429787,-1.45529,-1.530334,0.29462,0.0,0.0,-1.941838,0.0,-2.682362,-0.040156,0.0,0.0,-1.716501,-2.041657,0.0,0.0,-2.938051,0.372841,0.0,-0.017394,-0.82633,0.0,0.0,-0.477747,0.0,0.0,-1.605209,0.0,0.0,0.0,0.0,0.0,0.0,-0.903911,0.0,-1.002492,0.0,-0.059101,0.0,-2.723874,-1.790267,0.0,0.0,-3.206897,0.0,0.549473,-0.853432,-2.722766,4.863287,0.0,0.0,0.0,0.0,0.0,0.0,0.0,0.0,0.0,0.0,0.0,-1.916778,0.655593,0.073253,-1.454062,-1.271205,0.0,-2.437833,0.0,0.0,-2.601853,-1.288798,-2.327199,-2.243208,0.780773,0.0,-2.826331,-1.119134,-0.710449,-0.667133,0.0,-2.378862,-2.222782,-1.194447,0.0,0.0,0.0,0.0,0.0,-0.243823
BRAF,0.0,-2.509938,0.0,1.841743,0.0,0.047991,1.592733,0.0,2.12319,0.346456,2.993725,0.185584,3.188003,-2.683905,0.0,-1.327615,3.227267,0.236404,0.0,0.0,0.21949,0.0,-0.536055,2.850833,0.165472,0.0,-3.993272,0.0,0.0,-3.957257,0.0,0.0,0.0,2.860088,2.820832,0.0,0.0,-1.495767,2.827316,-0.58415,2.793723,0.0,0.0,2.337434,0.0,0.526954,3.463144,-3.771675,-2.832567,3.459992,0.0,0.0,4.789071,-0.764643,0.302662,3.192024,0.0,-0.348082,-3.470028,0.0,0.0,-1.399878,-4.000303,0.0,3.439613,2.637572,-1.621616,2.732345,2.744879,-2.192653,3.377806,3.113487,0.0,0.312418,0.466162,-1.650374,0.0,-0.554186,-3.75088,-1.553133,0.0,-0.772767,-1.287838,-1.460922,-2.193863,-2.207081,0.0,-0.110029,0.0,-0.931989,-1.554551,2.607196
PPARD,-0.102597,0.0,-1.951601,-1.041917,-1.715229,-0.330603,-3.417728,0.0,-1.836081,0.0,-3.019122,0.033149,-1.511604,-3.150071,-0.333008,-1.767761,-3.163452,-2.834598,0.0,0.0,-1.24911,0.0,-1.774981,-2.109641,2.725535,-0.738435,0.0,-3.992151,-1.451143,-0.609085,-1.557934,-3.181577,0.0,-1.912874,-3.328495,0.0,0.0,-0.85847,-1.750738,-2.031101,0.0,-1.248325,-1.651438,0.0,-1.533054,-0.090236,0.0,0.0,-3.494966,-2.556179,0.0,0.0,-0.764643,4.876403,0.271261,0.0,-1.151012,-2.321229,0.0,-3.181545,-1.290862,-1.33828,-1.79187,0.0,-2.854512,-1.725329,-1.913718,-0.156234,0.0,0.408992,-1.641879,-1.182528,-2.035367,-2.261757,0.522308,0.0,-0.374193,-1.988693,-2.202714,-0.12749,-1.514295,-3.002476,3.401211,0.353675,0.0,-1.818952,-0.601555,-0.247573,0.0,0.0,-0.298182,-2.074538
ESR1,0.0,-0.617024,0.0,0.0,-2.023619,-2.9252,-1.558364,-3.078508,-2.106167,3.230472,0.0,-0.768275,-2.367255,0.842694,-0.567292,0.175065,-1.869048,0.0,0.0,-2.65116,-4.134565,0.0,-1.614155,-1.592141,-1.233805,0.0,-3.309412,-2.785897,3.450227,-1.407017,0.0,-0.89674,-1.599347,0.0,-2.71483,0.0,-2.1738,0.0,0.0,0.075197,-1.469242,2.737258,-1.775043,0.651231,0.0,-0.174728,-1.132966,0.0,0.0,0.0,-1.397918,0.0,0.302662,0.10917,14.315088,-2.173736,-0.903356,0.0,0.0,0.0,0.0,4.053413,0.0,-3.933317,-2.973444,-0.177136,0.744352,0.0,-1.425621,0.530876,0.775296,-3.634337,0.0,0.332772,-0.938602,-2.943174,-1.752823,3.258693,-1.20493,-2.209112,-0.702771,-1.583258,-2.639669,3.84329,-2.487997,0.917376,-1.06034,-0.540372,-1.532429,-0.154087,-0.240124,-1.724558
WEE1,-0.966721,-1.356137,0.0,2.376004,0.0,0.0,2.289871,0.0,3.050079,0.0,2.776525,0.0,2.257677,0.0,0.0,0.0,2.25325,-0.780452,-2.713561,0.0,-0.196733,0.0,-1.797981,2.660975,0.0,-4.123701,0.0,0.0,0.0,0.0,0.0,0.0,0.0,2.072262,2.939747,-3.522872,-0.67575,-3.00027,2.452232,-1.167948,2.502027,-2.828743,0.0,2.203219,2.992874,0.0,2.951254,0.0,0.0,3.076334,0.833978,0.0,3.204239,0.0,-1.933913,14.24897,-2.020767,0.0,0.0,0.0,0.0,-1.831651,0.0,0.0,2.973491,1.83239,-3.715215,2.58094,2.370695,0.0,2.606119,2.891321,-1.46469,-1.698102,0.0,0.0,0.0,0.0,0.633293,-0.746921,-2.956008,-2.767229,-0.050953,0.0,0.0,-3.184208,0.0,0.0,-2.280816,-1.849777,0.0,1.962141
CAH2,0.586355,0.0,0.0,0.0,0.0,-1.277157,0.0,-3.869856,0.0,-3.958033,0.0,-2.846962,0.0,0.0,-0.161978,0.027314,0.0,0.0,0.0,0.0,-1.016895,0.0,0.0,0.0,-0.680557,0.0,0.0,-0.564422,-0.231438,0.0,0.0,0.0,0.0,0.0,0.0,0.0,-2.924755,0.0,0.0,0.0,0.0,-1.977451,0.0,0.0,-1.467543,0.0,0.0,0.0,-2.156836,0.0,-0.252656,0.0,0.0,-1.151012,0.0,-2.020767,3.863921,0.0,0.0,0.0,0.100591,-0.207933,0.0,0.058737,-0.353974,-1.721462,-1.131344,0.231702,0.0,0.0,0.0,0.0,0.846238,0.425338,-3.606522,0.0,0.0,0.0,0.587789,0.0,-0.061951,0.0,0.0,0.0,0.0,0.0,0.0,0.0,0.0,0.0,0.0,0.0
PTN1,0.0,0.0,0.0,0.0,0.0,0.0,0.0,0.0,-3.753335,0.0,0.0,0.0,-1.575697,-0.064508,0.0,0.0,0.0,-0.162159,0.0,0.0,0.0,0.0,0.0,0.0,0.0,-3.175256,0.0,0.0,0.0,0.0,0.0,0.0,0.0,0.0,0.0,-1.360683,0.0,-0.426483,0.0,0.0,0.0,0.0,0.0,0.0,0.0,0.0,0.0,0.0,0.0,0.0,-2.439834,0.0,-0.348082,-2.313604,0.0,0.0,0.0,14.296718,0.0,-1.59305,0.0,0.0,0.0,0.0,-1.454946,0.0,0.0,0.0,0.0,0.0,-0.15693,0.0,0.0,0.0,0.0,0.0,0.0,0.000743,0.0,0.012732,0.0,0.0,-2.703443,0.0,0.0,0.0,0.0,0.0,0.0,0.0,-3.824148,0.0
PNPH,-1.030694,0.0,0.0,0.0,0.0,0.0,0.0,0.0,0.0,0.0,-0.511737,0.0,0.0,0.0,0.0,-0.55922,0.0,0.0,0.0,0.0,-1.832536,0.0,-2.498065,-2.585783,0.0,0.0,0.0,0.0,0.0,0.0,0.0,0.0,0.0,0.0,0.0,0.0,0.0,0.0,0.0,-0.579294,0.0,0.0,0.0,0.0,0.0,0.0,0.0,0.0,0.0,0.0,0.0,0.0,-3.470028,-0.970584,-1.474352,0.0,0.0,0.0,4.64861,0.0,-1.997444,0.0,0.0,0.0,0.0,-2.456499,0.0,0.0,0.0,0.0,0.0,0.0,0.0,0.0,0.0,0.0,0.0,0.0,-2.501867,0.0,0.0,-2.528465,0.0,-2.265332,0.0,0.0,0.0,0.0,0.0,0.0,0.0,0.0
AMPC,0.0,0.0,0.0,0.0,-1.004755,0.0,0.0,-0.75482,0.0,0.0,0.0,-3.218409,-2.594153,-2.399226,0.0,0.0,0.0,0.0,0.0,0.0,0.0,-2.288656,0.0,-0.444858,0.0,0.0,0.0,0.0,0.0,0.0,0.0,0.0,0.0,0.0,-0.445914,-2.489201,0.0,0.0,-3.577839,-1.374466,-2.013547,0.0,0.0,0.0,-3.287772,0.0,0.0,0.0,-2.241978,0.0,0.0,-2.657913,0.0,-2.977932,0.0,0.0,0.0,-1.59305,0.0,4.778688,-3.651564,0.0,0.0,0.0,0.0,0.0,0.0,-1.074785,0.0,-3.805974,0.0,0.0,-0.755067,0.0,-1.458488,0.0,0.0,0.0,0.0,-1.626051,-0.91526,-2.599774,-2.227239,-0.573474,0.0,1.220186,0.0,0.0,0.0,0.0,0.0,0.0
ADA17,0.958725,0.0,0.0,0.0,0.0,-2.244717,0.0,-2.468757,-2.99475,-0.870127,-3.928573,0.0,0.0,-2.13699,0.0,-1.892418,0.0,0.0,0.0,0.0,0.366021,0.0,-1.162025,-4.113133,-1.174437,0.0,0.103983,-2.092783,-2.489573,0.0,0.0,0.0,0.0,0.0,0.0,0.0,0.0,0.0,0.0,-2.134678,0.0,-3.361004,-2.529154,0.0,-1.800908,-1.42479,0.0,0.0,0.0,0.0,0.603791,0.0,0.0,-1.246948,0.0,0.0,0.100591,0.0,-1.845716,-3.651564,4.75343,0.0,1.310748,0.0,0.0,0.0,-2.540009,0.590876,-0.980299,-1.677381,0.0,-2.201703,2.435913,0.476199,0.562723,-2.120957,0.0,-0.623464,0.993913,0.0,0.0,0.0,-0.144806,0.0,-3.079449,-2.173703,0.0,-1.007425,0.0,-0.073024,-2.841115,0.0
ESR2,-0.177476,0.0,0.0,0.0,0.0,0.465246,0.0,0.472388,-1.106945,2.989832,-2.828985,0.0,-1.516155,0.0,0.0,-2.852317,0.0,-4.038424,0.0,0.0,0.0,-1.001271,0.0,0.0,-0.915361,0.0,0.0,0.895216,3.427175,-2.670117,0.0,0.890416,0.0,0.0,-4.353395,0.0,-1.135481,0.0,-3.228316,-1.1382,0.0,2.621422,-0.765496,0.0,-2.681828,0.0,0.0,0.0,0.0,-2.446882,0.178222,0.0,-1.399878,-1.394057,3.961453,-1.831651,-0.128941,0.0,0.0,0.0,0.0,5.129687,0.0,-2.354169,0.0,0.0,-0.344982,-2.705295,1.189489,0.0,0.0,-2.052659,0.0,-0.101912,0.35413,-3.767992,-1.675737,3.168245,0.0,-2.059039,-1.229107,-2.71221,-2.008366,3.235804,0.0,-1.465474,0.0,-2.094977,0.0,0.0,-0.086214,0.0
LKHA4,-1.141658,0.0,-2.432549,0.0,-2.667334,0.0,0.0,-2.707707,0.0,0.0,0.0,-0.989913,0.0,0.0,-0.672324,0.267986,0.0,0.0,-1.591768,0.0,0.119245,0.0,-3.391198,-0.818938,0.0,0.0,0.0,0.0,-0.271553,-1.754727,0.0,0.0,0.0,-0.777648,0.0,0.0,0.0,-1.614255,0.0,0.0,0.0,-1.933867,0.0,-2.155865,-1.960446,0.0,0.0,0.157769,-2.307773,0.0,1.302839,0.0,-4.650918,-1.724845,0.0,0.0,0.0,0.0,0.0,0.0,1.310347,0.0,4.850682,-3.676566,-2.299973,-3.363716,0.0,0.0,0.0,0.0,-1.902074,0.0,0.927378,-1.445992,0.350576,-3.205863,0.0,-1.841549,1.51662,-0.945853,-1.676761,-0.439093,-1.781738,0.0,0.0,-2.967572,0.0,-1.4737,0.0,-2.438578,0.0,-0.81293
HDAC2,0.0,-0.599101,0.0,0.0,0.0,0.236074,0.0,0.0,0.0,0.0,0.0,-1.832388,0.0,0.0,0.0,0.197853,0.332407,-1.663152,0.0,0.0,-3.075755,0.0,0.0,0.0,0.0,0.0,0.0,0.0,0.0,0.0,0.0,0.0,3.460868,-1.949418,-0.191813,0.0,-2.001393,-3.240721,0.0,0.0,0.0,0.0,0.0,0.0,0.0,0.0,0.0,-0.74153,-0.980447,-4.06063,-0.628832,-1.916778,0.0,0.0,-3.933317,0.0,0.058737,0.0,0.0,0.0,-3.467378,-2.354169,-3.676566,4.699686,0.225541,0.0,0.0,-0.125232,0.0,0.0,0.0,0.0,0.0,0.382985,0.199151,0.0,0.0,0.0,0.369141,0.0,0.0,-3.018405,0.0,0.0,0.0,-0.647476,-0.641205,0.0,0.0,-1.178781,0.0,-2.669762
KIT,-0.921829,0.0,0.0,3.38019,0.0,-0.262908,3.709127,0.0,2.103601,-3.174492,2.33385,-0.145069,4.017172,0.0,-4.019422,-2.447579,3.822596,-2.293075,0.0,0.0,0.165396,0.0,0.0,3.195746,-0.519945,-2.827701,0.0,0.0,-2.522385,-2.171508,0.0,0.0,0.0,2.108774,2.938326,0.0,0.0,0.0,2.435611,-2.198669,2.338431,0.0,0.0,2.176815,2.950637,0.0,4.307759,0.0,-2.45441,3.959925,-2.899113,0.674437,3.443484,0.0,-0.903313,3.060872,-1.904921,-1.454946,0.0,0.0,0.0,0.0,-2.299973,0.225541,5.17133,2.224518,0.031086,3.654497,3.800317,0.0,3.638461,3.152434,0.0,-2.389699,0.120844,0.0,-1.305473,-0.697757,-0.571344,-4.117303,-2.215814,0.537358,-1.854877,-1.337214,-1.074551,-1.328342,-2.125711,0.503026,0.0,-2.565278,-2.307908,2.976192
MAPK2,0.0,-2.025382,0.0,1.095665,-2.201899,-1.44664,1.974426,0.0,1.881655,-1.943077,2.305325,-2.876399,1.963533,0.0,0.0,-1.952046,2.205075,0.0,-2.947173,0.0,-1.353649,0.0,-0.960628,1.689226,-1.483531,0.0,0.185937,0.0,0.0,0.0,0.0,0.0,0.0,2.773736,1.367483,0.0,0.0,0.0,2.789495,0.0,2.602199,-4.013582,-3.470592,1.070918,-1.163249,-3.791616,2.705863,-2.933292,0.0,2.329238,0.0,-0.081615,2.664733,-3.47064,-0.177136,2.47784,-1.721462,0.0,-1.99504,0.0,-2.501914,0.0,-3.673173,0.0,2.521261,5.466106,-1.531451,-1.55137,1.50355,-3.562431,2.816217,2.361213,0.0,0.0,-0.019449,0.0,-2.145171,-2.142448,-5.169752,-2.811883,0.0,0.0,0.0,-0.99414,0.0,0.0,-3.938442,-1.892454,0.0,0.0,-3.27407,1.836641
AA2AR,-3.026731,0.0,0.0,0.0,0.0,-2.577845,0.0,-1.008784,-1.025984,-3.42454,-3.453892,0.349819,-2.915261,-2.524453,0.0,0.403943,-0.824141,0.0,0.0,0.0,-1.184047,0.0,-0.316593,-0.493525,-1.292269,0.0,0.0,1.876283,0.705864,-0.954224,0.0,-1.122236,0.0,0.0,-0.118551,0.0,-2.513161,0.0,-4.1939,-1.311814,-2.07359,-2.1427,0.0,-4.105492,-3.260632,-1.160734,-1.106532,-1.026905,-3.65835,0.0,-1.962162,-2.370501,-1.621616,-2.073696,0.744352,-3.715215,-1.131344,0.0,0.0,0.0,-2.921452,-0.344982,0.0,0.0,0.031086,-1.531451,14.478232,0.788168,-2.28496,0.083756,0.497717,-0.336014,0.0,-1.548302,0.285385,-2.331906,-0.815026,1.033802,-1.466307,0.0,-3.599171,-4.113765,0.0,-0.202287,0.0,-2.740776,-2.724692,0.0,0.0,0.0,-0.17359,0.0
MET,0.0,0.0,0.0,3.33177,-0.476636,0.0,3.567181,-1.247683,1.767902,0.0,2.460743,-0.052036,3.443674,0.0,0.0,-1.69593,2.995878,0.0,0.0,0.0,-0.581531,-3.207149,-4.613659,2.212292,-1.26365,0.0,0.0,0.0,-2.55945,-2.225738,0.0,0.0,-1.026577,2.409633,1.647528,-2.547532,0.0,-1.919782,2.235841,0.0,1.715907,0.010719,-2.035631,1.904323,2.335988,-1.20247,3.626665,0.0,-1.660007,3.428909,0.723651,-0.980761,2.516898,-0.156234,0.0,2.58094,-0.235512,0.0,0.0,-0.594385,0.56299,-2.705295,0.0,0.090691,3.581419,-1.854446,-1.529066,4.759567,3.684647,-4.562781,3.401474,2.408266,0.318403,0.0,0.17271,0.0,-1.437904,0.0,0.0,-1.177719,-0.145584,0.0,-1.542115,0.0,0.0,-1.294835,0.718935,-2.072109,1.0801,-0.36149,0.0,1.939036
EGFR,0.0,-0.839953,0.0,3.434317,0.0,0.0,3.531522,0.0,1.569627,0.0,2.39966,-0.385619,3.828506,-2.653821,-2.125389,0.0,3.065745,-2.538891,0.0,0.0,-0.193202,0.0,0.0,2.814396,-1.608737,0.0,-0.199811,0.0,0.0,-1.908592,0.0,0.0,0.0,1.516764,2.197623,0.0,-2.508164,0.0,2.079987,-2.060519,2.197095,-2.15097,-2.545194,2.374815,-2.858063,1.221488,3.569061,0.0,0.0,3.561678,-4.126595,0.0,2.743283,0.0,-1.425621,2.364297,0.0,0.0,0.0,0.0,-0.980299,1.188743,0.0,0.0,3.838699,1.505873,-1.143576,3.836666,6.206362,-0.169581,3.297543,2.107151,0.0,0.0,0.631297,0.0,-0.761205,0.0,0.421706,-2.754094,0.0,0.0,-1.020909,-1.570028,0.0,0.0,-0.806643,0.069804,0.0,0.0,-1.322431,2.354057
CP2C9,-0.910317,0.608667,0.0,0.0,-2.137355,0.499034,0.0,0.0,0.0,-2.870151,0.0,0.0,-1.475008,0.0,0.0,0.314871,0.0,0.0,0.0,0.0,0.327684,-2.292913,-1.286715,-0.539058,-2.840744,0.0,0.0,-3.405214,-1.067598,-0.819635,0.0,-1.115286,0.0,0.427344,0.0,0.0,-0.921499,0.0,0.712843,-1.514695,1.00167,-1.740212,-1.178735,-4.44819,-3.264247,-0.777168,0.0,0.0,0.0,-1.314406,0.0,-2.437833,-2.627784,0.408992,0.40926,0.0,0.0,0.0,0.0,-3.736886,-1.830125,0.0,0.0,0.0,0.0,-1.420963,0.091992,-4.562781,-0.282027,6.203259,0.0,0.0,0.0,0.0,-0.97287,-2.68973,0.416813,-1.746488,-2.803285,-0.343008,-1.296298,-0.960873,-2.335216,-1.137055,-0.581603,-2.612253,-2.262543,-0.906202,0.0,0.0,-2.17445,0.0
LCK,0.0,-1.418,0.0,3.545607,0.0,0.641402,3.716681,-1.847304,2.541216,-3.23042,3.046771,0.0,3.789839,-0.881973,0.0,0.0,3.57949,-3.038997,0.0,0.0,0.197821,-2.209886,-1.353186,3.243423,0.0,0.0,-2.688173,0.0,-2.481205,-4.571065,0.0,0.0,0.0,2.823694,3.055417,0.0,-2.453811,-0.632715,2.524593,0.306292,2.514271,-0.984639,-1.026303,2.9316,2.887718,-0.620302,3.859515,-2.548374,0.0,3.713357,-3.552019,0.0,3.409367,-1.654046,0.0,2.548804,0.0,-0.15693,0.0,0.0,0.0,0.0,-1.902074,0.0,3.558742,2.799626,0.462817,3.401474,3.232451,0.0,5.753249,2.949041,0.0,0.0,-2.290729,0.0,-0.86145,0.616362,0.0,-1.554428,-1.471892,0.757174,-0.995227,-2.974966,0.0,-3.109863,0.0,0.27125,0.0,-2.390353,0.0,3.796699
PLK1,-1.980063,-1.704936,-2.057772,3.447765,0.0,0.0,2.516386,-0.236943,2.454951,-3.914841,3.017973,-2.995467,2.717679,0.0,0.0,0.0,3.14159,0.0,0.0,0.0,-1.398598,0.0,0.0,3.14756,-0.302602,-3.519938,0.0,0.0,0.0,0.0,-2.115119,0.0,0.0,2.822467,3.263217,-1.71325,-2.717555,0.0,3.142808,-3.62597,3.607724,-2.637711,0.0,2.805373,2.631332,-1.718563,3.123209,0.0,0.840242,3.012983,0.0,0.0,3.135968,-0.582303,-3.668989,2.902614,-4.143719,0.0,0.0,0.0,-2.201703,-2.066641,0.0,0.0,3.146345,2.307156,-0.336014,2.302517,2.109781,0.0,2.962025,5.237057,0.0,0.0,0.0,0.0,0.0,0.0,-1.657076,0.0,-2.666726,-0.840563,0.0,0.0,0.0,0.0,0.0,-0.699365,0.0,-0.243458,0.0,2.242031
MMP13,0.214605,0.0,0.0,0.0,0.0,0.0,0.0,0.0,-1.950647,0.0,0.0,0.0,0.0,-2.692667,0.0,-0.552595,0.0,0.0,-2.47587,0.0,0.0,0.0,-1.087966,0.0,0.935585,0.0,0.0,0.0,0.0,0.0,0.0,0.0,0.0,-1.17758,0.0,0.0,0.0,0.0,0.0,0.0,0.0,0.0,0.0,-0.349283,0.0,0.0,-1.617098,0.0,0.0,0.0,0.100632,-2.601853,0.0,-2.98623,0.0,-2.673038,0.933795,0.0,0.0,-0.755067,2.395455,0.0,0.926979,0.0,0.0,0.0,0.0,0.318403,0.0,0.0,0.0,0.0,6.371208,0.981563,-0.757122,0.0,0.572703,-1.015892,0.694276,0.185273,-3.400091,0.0,-2.09445,0.0,0.0,0.0,0.0,-1.28525,0.0,0.0,-1.735884,0.0
PDE5A,-1.9381,-2.779687,0.0,0.0,0.0,0.0,-0.866128,-1.572373,-2.842706,0.0,-0.238767,0.0,-3.083075,-2.882936,0.0,-1.674326,-2.569096,-3.02325,-0.905008,0.0,-1.99198,0.0,0.0,0.028675,0.0,0.0,-0.215617,0.0,0.0,0.0,0.0,0.0,0.460508,0.0,0.0,-1.145455,-2.536485,-1.471843,-0.945548,-2.066596,-2.994388,0.0,0.0,-3.357815,-0.156906,0.0,0.0,-1.005265,0.0,0.0,0.56836,-2.866407,-0.574546,-2.261757,0.332772,-0.819312,0.845349,0.0,0.0,0.0,0.445541,-0.101912,-1.780795,0.732324,-2.389699,0.0,-1.548302,0.0,0.0,0.0,0.0,0.0,0.921415,4.508978,-0.448472,-3.808372,-1.639382,0.399793,0.612235,-0.538759,-2.612088,0.0,-2.223457,-2.32826,0.0,-0.199447,-2.70747,0.0,0.0,-3.130218,-1.173754,0.0
PA2GA,0.986664,-0.736356,0.147847,0.0,0.0,0.0,0.0,-0.383644,-1.143818,-0.041293,-2.591099,0.0,-1.051221,0.0,0.0,-0.552751,0.0,-1.025994,0.0,0.493688,-1.883778,-0.117657,-0.128516,-1.4636,0.0,0.0,-1.52131,0.0,-1.594463,0.0,0.0,0.0,0.0,0.0,0.0,0.0,-0.615583,0.0,0.0,0.0,-1.968177,-0.637975,0.0,-1.619258,-1.354184,-0.661566,1.009131,-2.407625,-0.23637,0.0,-0.781271,-2.327199,0.466162,-0.331644,0.158558,0.0,-3.606522,0.0,0.0,-2.067584,0.562723,0.35413,-0.298448,0.199151,0.120844,-0.692158,0.608265,0.17271,0.631297,-0.514332,-1.26214,0.0,-0.757122,-0.448472,14.029747,0.0,0.0,0.0,-0.339627,-0.208617,-0.832525,0.0,-0.310896,0.007047,0.0,0.709469,-0.338839,0.0,0.0,0.0,-0.130488,-0.457053
GRIK1,0.0,-1.500748,0.0,0.0,0.0,0.972107,0.0,3.370356,0.0,-0.902931,0.0,0.0,-2.3384,0.0,-2.817063,0.0,0.0,0.061059,0.0,0.0,-3.682976,0.0,-1.367091,-2.789636,0.0,-2.419848,-1.236927,0.0,0.0,0.0,-1.16212,0.817633,0.0,0.0,0.0,-3.280557,-1.027148,0.0,-4.100727,-1.844019,-3.714732,0.0,0.0,-1.393789,0.0,-1.070556,-1.274768,-1.551295,0.0,-0.479365,-1.292865,-2.243208,-0.248007,0.0,-1.781064,0.0,0.0,0.0,0.0,0.0,-3.494455,-4.851877,-3.205863,0.0,0.0,0.0,-1.57111,0.0,0.0,-2.68973,0.0,0.0,0.0,-4.119839,0.0,4.697347,-3.255475,-1.854185,0.0,-0.15166,0.0,0.076067,0.0,-2.331373,0.0,-1.807709,-2.107131,0.0,0.0,0.0,-0.397946,0.0
HIVPR,-3.261831,-2.884932,0.0,0.0,0.0,1.30995,-0.810567,0.0,0.0,-1.830772,-0.859412,0.0,-0.204106,0.0,0.0,0.0,0.327193,1.50376,0.0,0.0,-1.939073,-3.975863,-0.946932,-1.914067,0.0,0.0,-3.155617,0.0,-0.761964,-2.878694,-0.078308,0.0,0.0,-3.659007,0.463572,-0.762423,-3.00377,0.0,0.0,-0.233041,0.0,-1.688644,0.0,-1.971803,0.0,0.0,-1.744578,0.0,0.0,-0.025975,0.0,0.780773,0.0,-0.374193,-1.752823,0.0,0.0,0.0,0.0,0.0,0.0,-1.78612,0.0,0.0,-1.305473,0.0,-0.815026,-1.529126,-0.700656,0.612002,-0.86145,0.0,0.646598,-2.865541,-2.446327,-2.934902,4.309948,-0.648587,-1.686075,0.488069,-0.726693,0.0,-1.686794,-0.791897,0.0,-0.714943,0.0,0.0,-2.1827,0.0,-0.576245,-2.762662
GCR,0.140994,-2.726934,-2.358786,0.0,0.0,-1.132146,-3.429928,-1.381759,-0.006734,3.915103,0.0,-2.336382,-1.776127,1.97485,0.0,-2.092213,-1.013673,0.0,0.0,0.0,-0.77374,-3.333474,-4.338617,0.66447,-1.225407,0.0,0.0,-2.148792,3.786297,-0.920254,0.0,0.0,0.0,0.0,0.0,0.0,-2.392462,-0.017573,-1.909872,-1.87237,0.0,1.353073,-0.609486,-3.166443,0.0,-3.545073,-0.570978,0.0,0.0,0.0,-1.817362,0.0,-1.232085,0.0,3.295734,0.0,0.0,0.077636,0.0,0.0,-1.103299,3.204335,-1.841549,0.0,-0.072391,-2.296167,1.033802,0.0,0.0,-1.578758,0.616362,0.0,-1.015892,0.399793,0.0,-1.318741,-0.995466,4.765082,0.0,-0.879794,0.433968,-0.442966,-0.845047,4.029707,0.0,-1.107224,0.334806,-1.559786,0.826995,0.0,0.892256,-3.326237
ACE,0.662678,0.0,0.0,-3.786768,0.0,-2.281555,0.0,0.0,0.905142,-0.304645,-2.699117,-3.217819,-1.943323,-1.026533,-3.898833,-0.299778,-2.148863,0.0,0.0,0.0,-0.269616,0.0,0.0,0.0,-2.866865,-3.871808,0.0,0.0,-2.781005,0.0,0.978686,-0.86403,-0.14365,-2.726183,-1.683664,-3.377676,-1.892717,-3.644871,-2.856793,0.0,0.0,-2.783556,-0.925168,-4.020222,-1.733377,0.0,-4.073682,-3.787503,0.0,0.0,1.113349,-1.889054,-3.75088,-2.202714,-1.20493,0.784087,0.587789,0.0,-2.810673,0.0,1.302996,0.0,1.51662,-0.534358,-0.450369,-3.754353,-1.485573,0.0,0.238869,0.0,0.0,-1.657076,1.127158,0.612235,-0.339627,0.0,-1.686075,0.0,14.493645,-2.291096,-0.244119,0.0,0.128785,-0.178407,0.0,-2.63564,1.153017,0.0,0.0,0.0,-4.902544,0.0
KITH,0.068017,-2.305156,0.0,0.0,0.0,-3.123861,-1.372381,0.28748,-1.905442,-2.065187,-0.489232,-0.75118,-2.298007,-0.778421,-1.82995,-0.176264,0.0,-2.578729,0.0,-1.314359,-0.302658,-1.912216,-0.638218,-3.043359,-2.984073,-2.377586,0.0,-3.546855,0.227516,0.88815,0.733312,-2.646218,-4.330246,-1.42114,-1.771337,-0.006525,0.0,0.0,-1.564956,-2.220589,0.0,-1.859447,0.0,-0.874504,0.0,0.054799,-1.152617,0.0,0.0,-2.316398,-2.849899,-1.119134,-2.134622,-1.271401,-2.209112,-0.101028,0.0,0.046135,0.0,-0.882735,0.0,-0.971838,-0.296458,0.0,-4.117303,-2.862611,-3.127622,-1.177719,-2.754094,-0.065487,-0.048322,-3.283748,0.185273,-1.050964,-0.046825,0.014703,-0.054047,-2.207977,-3.31619,4.351752,-0.482554,0.0,-0.59206,-0.872982,0.0,-0.996627,-2.473198,-0.820401,-2.015498,-1.983799,-0.117954,-0.362895
PARP1,-0.557193,-0.776289,0.0,0.0,0.0,0.0,0.0,0.0,0.0,-1.899896,-1.38545,0.0,0.0,-3.181039,0.0,0.0,-0.729579,-1.454788,0.0,0.0,-1.325881,0.0,0.346958,-3.506284,0.0,0.0,0.187525,-1.411098,-0.150687,-0.295259,0.0,-1.150709,-1.745078,-1.672479,0.0,-3.235789,0.0,0.0,0.0,-2.791589,0.0,0.0,-1.175995,0.0,-1.258409,-3.069953,0.0,0.0,0.0,-2.330611,0.067137,-0.901553,0.0,0.0,-1.167978,-2.862959,-3.826758,0.0,0.0,0.0,0.0,-1.598391,-1.676761,0.0,-2.215814,0.0,-3.599171,0.05267,0.0,-1.352334,-1.326665,-2.666726,-3.245359,-4.469197,-0.707437,0.0,-0.726693,0.841671,-0.244119,-0.412886,14.328391,-1.890953,0.0,-1.419902,-2.01093,-0.528095,0.0,-3.177897,-3.99648,0.0,-3.378745,0.0
HXK4,0.0,-3.097381,-0.407561,0.0,0.0,0.0,-0.565792,-3.68634,-3.287651,-2.439453,-1.970929,-1.475567,-1.81935,0.0,0.0,0.0,0.0,-0.862469,0.0,0.0,-0.865504,0.0,0.0,0.0,0.0,0.0,0.0,0.0,-2.84363,0.0,-1.92994,0.0,0.0,0.0,0.0,0.0,-1.177325,-0.66963,0.0,0.0,0.0,0.0,0.621365,0.0,-2.884982,-1.249753,-3.472519,0.0,0.0,-3.094615,-3.673514,-0.667133,-0.772767,-3.002476,-1.583258,-3.540556,0.0,0.0,-2.066073,-2.963883,0.0,0.0,-0.439093,-3.018405,-1.097446,0.0,-4.113765,0.0,0.0,-0.699447,0.757174,-0.902936,0.0,0.0,0.0,0.076067,0.0,-0.442966,0.0,-4.078417,-2.34137,14.538789,0.0,0.0,0.0,-2.49732,-2.553197,-3.500797,-1.189119,0.0,-1.601654,-2.277836
PPARA,0.0,-2.699647,-1.371437,0.0,-1.627259,-1.756316,-1.150348,0.0,-1.302391,-0.994421,0.0,-2.230039,-0.550012,-2.333828,0.0,-1.249478,0.0,0.0,-1.253458,0.0,-0.70079,-1.711313,-0.797698,-0.74229,3.531042,-1.054536,0.191415,-0.998482,0.176337,0.0,-0.715484,1.231354,0.0,0.0,-2.693483,0.0,0.0,-1.256899,-0.077102,-1.029556,-1.636257,-3.597614,-3.581447,-2.237251,-2.231191,-2.026738,0.0,-0.060349,0.0,0.724427,-0.745566,0.0,-1.287838,3.739918,-2.140153,-0.415323,0.0,-2.703443,0.0,-2.227239,-0.144806,-2.216048,-2.926023,0.0,-0.62141,-3.962326,0.0,-1.542115,-1.165457,-1.12072,-0.995227,0.0,-2.510011,0.0,-0.310896,0.0,-1.686794,-0.845047,0.128785,-0.59206,0.0,0.0,4.543541,0.366745,-1.760276,-1.347035,-1.477111,-3.110127,0.0,0.301917,-1.509825,0.0
PRGR,-0.500934,0.0,0.0,-1.343245,0.0,0.024031,-1.446032,-0.523776,-1.514093,4.178915,-1.043592,-2.629933,-2.462078,-0.121408,-1.100115,-1.447792,0.528919,0.0,0.0,-1.106702,-1.691369,-0.988328,-1.299673,-1.076429,0.452282,0.0,0.0,-0.99727,4.154534,-0.348017,-1.574838,-3.560203,0.0,0.0,0.0,0.0,-0.542095,-3.985067,-0.124301,0.0,-1.466618,2.55319,-2.021415,-1.721604,-0.177096,-0.48138,-3.14723,0.0,-1.892316,0.0,-2.653014,-2.225289,-1.460922,0.353675,3.831456,0.0,0.0,0.0,-2.265332,-1.741082,0.0,3.178617,0.0,0.0,-2.090317,-0.99414,-0.483294,0.0,-1.570028,-1.432798,-2.974966,0.0,0.0,-2.32826,0.007047,-2.331373,-0.379474,3.968271,-0.178407,-0.872982,-1.419902,0.0,0.366745,14.371427,0.0,-1.318237,-0.287855,0.825472,-1.121334,0.0,-3.280337,0.0
HIVINT,0.0,0.0,0.0,0.0,0.0,-0.871226,0.0,0.0,0.0,-4.015534,0.0,-0.516816,0.0,-0.823245,0.0,0.0,0.0,0.0,0.0,0.0,-2.577304,0.0,-1.858372,0.0,-1.036007,0.0,0.0,0.0,0.0,0.0,0.0,-2.424779,0.0,0.0,0.0,0.0,0.0,0.0,0.0,0.0,0.0,0.0,0.0,-2.325269,0.0,0.0,0.0,0.0,0.0,-1.612631,0.0,-2.222782,-2.810502,0.0,-2.487997,0.0,0.0,0.0,0.0,0.0,-3.079449,0.0,0.0,0.0,-1.074552,0.0,0.0,0.0,0.0,-0.581603,0.0,0.0,0.0,0.0,0.0,0.0,0.0,0.0,0.0,0.0,-2.01093,0.0,-1.760276,0.0,5.308794,-0.570225,0.0,0.0,0.0,-1.297325,0.170929,-0.576446
TYSY,0.0,-1.45159,-0.151455,-1.94787,0.0,0.0,-2.880258,-0.484717,-2.497211,0.0,0.0,0.084462,0.0,-1.356703,-0.379548,-1.144061,-0.938135,-2.770307,0.0,0.0,-1.556424,-2.769152,0.0,-1.214277,-0.267909,-1.874363,0.0,-0.20053,1.256513,0.0,0.0,0.0,-0.738128,0.0,-4.402422,0.0,-0.74621,0.0,0.0,-3.713157,0.0,-1.742308,-0.685691,-1.04591,-1.55372,-1.343184,-3.100248,0.0,-2.079687,-1.877005,-0.232116,-0.912632,-1.750224,-2.12429,0.917376,-3.184208,0.0,0.0,0.0,1.281349,-1.88246,-1.465474,-3.882924,-0.647476,-1.328342,0.0,-2.740776,-1.294835,0.0,-2.612253,-2.430864,0.0,0.0,-0.159531,0.626542,-1.424832,-0.714943,-0.213352,-2.197544,-1.178473,0.440051,-1.881766,0.0,-1.186239,0.0,4.863809,0.65194,0.0,0.0,0.0,-1.728533,0.0
PGH1,0.0,0.0,0.0,-2.685897,-4.427468,-1.071579,0.0,0.328075,0.0,-0.369575,0.0,-1.552278,0.64654,0.0,-1.213263,-0.296706,-2.339572,0.841268,-3.390991,0.0,0.0,0.0,-1.942604,-1.673442,0.276906,0.0,0.0,0.0,-0.891088,-1.797702,-1.686658,0.0,0.0,0.0,-3.077627,0.0,-0.381034,0.0,0.0,0.0,0.0,-2.916699,0.0,0.0,0.0,-1.018821,-2.123507,0.0,0.0,0.0,0.0,0.0,0.0,-2.966776,-2.012544,0.0,0.0,0.0,0.0,0.0,0.0,0.0,0.0,-0.641205,-2.125711,-3.938442,-2.724692,0.768289,-0.786541,-2.262543,0.0,0.0,0.0,-2.217143,-0.058513,-1.065082,0.0,1.236217,1.253316,-2.161549,0.0,-1.784616,-1.198069,-1.27226,0.0,0.65194,7.33418,0.0,0.0,0.0,3.85974,-0.604945
ITAL,-3.143275,-1.255207,0.0,0.0,0.0,-1.400969,0.0,0.0,-1.554229,-1.978181,0.0,0.0,0.431986,-3.121705,0.194248,0.0,0.249302,-3.884355,0.0,0.0,0.600906,0.0,0.145298,0.0,-0.748499,0.0,0.0,0.0,-2.030275,0.0,-2.798053,-0.342392,0.0,0.0,-3.197667,0.0,-0.713017,-1.717281,0.0,-0.258875,0.0,-2.210098,-1.873986,-2.963701,-1.872221,0.0,0.0,0.0,0.0,-0.046358,0.0,0.0,-0.47084,-0.247573,-0.540372,0.0,0.0,0.0,0.0,0.0,-2.242407,-2.094977,-1.4737,0.0,0.503026,-1.892454,0.0,-1.469805,0.069804,-0.653206,-0.040695,-0.699365,-0.772512,0.0,0.0,0.0,0.0,-1.559786,0.0,-0.176403,-3.177897,-3.500797,-3.110127,0.825472,0.0,0.0,0.0,14.177628,-1.30212,0.0,0.0,-0.808764
DYR,0.0,-2.180993,0.0,0.0,-3.061909,-1.975734,0.0,0.0,0.0,0.0,0.0,0.0,0.0,0.0,0.0,-1.855835,0.0,0.0,-0.433862,0.432493,0.0,0.0,0.0,0.0,0.0,0.0,0.0,-0.300976,-2.915276,-0.355245,0.0,0.0,0.0,0.0,-2.198618,0.0,0.0,0.0,0.111838,0.0,0.0,0.0,0.0,0.0,-3.295746,0.0,0.0,-0.902935,0.0,-1.700214,0.064489,0.0,0.0,0.0,-1.532429,-2.304135,0.0,0.0,0.0,0.0,0.0,0.0,0.0,0.0,0.0,0.0,0.0,0.827272,0.0,0.0,0.0,0.0,0.0,0.0,0.0,0.0,-1.611977,1.190842,0.0,-2.015498,0.0,-0.731386,0.0,-0.470172,0.0,0.0,0.0,-1.30212,14.077887,0.0,-2.630385,-0.202201
PUR2,-0.7896,-1.230185,0.0,0.0,0.0,-3.890554,-1.718787,-2.28667,-1.483631,0.0,0.88466,0.0,0.555815,-2.68899,-2.59372,-3.349388,0.623386,0.0,0.0,-0.996194,-1.80735,0.0,-1.37878,0.26897,0.0,0.0,-0.539428,0.0,0.0,0.0,0.0,0.0,0.0,0.0,-1.945743,0.0,-2.414459,0.0,0.0,0.0,0.0,0.247108,0.0,-0.94869,0.0,0.0,0.335113,-1.017106,-4.26717,0.0,0.0,0.0,-0.931989,0.0,-0.17027,-1.849777,0.0,0.0,0.0,0.0,-0.073024,0.0,-2.438578,-1.178781,-1.496234,0.0,0.0,-0.580858,0.0,0.0,-3.00766,-0.243458,0.0,-3.130218,0.0,0.0,1.738178,0.0,0.0,-1.830494,0.0,0.0,0.301917,0.0,-0.440676,0.0,0.0,0.0,0.0,5.162796,-0.579751,-0.391582
PGH2,0.0,0.0,0.0,0.0,0.0,-2.020801,0.0,-0.726685,0.0,-3.620592,0.0,-0.129376,-2.310777,0.0,0.0,-1.667944,-2.815508,0.0,0.0,-2.994033,0.397267,-1.617074,0.159533,0.0,-1.265938,-1.268019,0.0,-1.420394,-0.753951,0.0,0.0,-1.597896,0.0,0.0,-1.832752,-0.74006,0.0,0.0,0.0,0.0,0.0,-2.365927,-2.176068,-1.169055,-2.748906,-0.311624,-2.000963,-3.714651,0.0,0.0,-3.464676,0.0,-2.24784,-0.096578,-0.947859,0.0,0.0,-3.084555,0.0,0.0,-2.070414,-0.231751,0.0,0.0,-1.110721,-3.583657,-0.88847,0.0,0.0,-1.038874,0.0,0.0,-2.371382,-1.173754,-0.28984,-0.397946,-0.576245,0.935957,-4.901655,0.22118,-3.599213,-3.402003,-1.95489,-3.280337,0.170929,-0.835028,3.798425,0.0,-2.630385,-0.335531,14.498668,0.0
SRC,0.0,-2.014369,0.0,1.705735,0.0,0.218347,1.556081,0.0,2.097558,-3.334432,2.057531,0.0,3.591017,0.0,0.0,0.0,1.852109,0.0,0.0,0.0,-1.212863,0.0,-1.265425,2.761036,-1.207919,-2.858202,0.0,0.0,0.0,-3.459157,0.0,0.0,0.0,1.546917,1.280288,-1.630491,0.719,-4.216743,0.80114,-3.10114,1.390202,-3.046321,-2.94934,-0.407592,1.790463,0.0,2.533161,0.0,0.0,2.935654,0.0,-1.535379,2.388296,-2.074538,-2.626007,1.923514,0.0,0.0,0.0,0.0,0.0,0.0,-0.873003,-2.669762,2.655208,1.487685,0.0,1.843263,2.23043,0.0,3.37364,1.7879,0.0,0.0,-0.628156,0.0,-2.854181,-3.123941,0.0,-1.592815,0.0,-2.277836,0.0,0.0,-1.462833,0.0,-0.604945,-1.206379,-0.202201,-0.391582,0.0,14.255865
